"","AACT1","AACT2","CMK","DPPS1","DPPS2","DPPS3","DXPS1","DXPS2(cla1)","DXPS3","DXR","FPPS1","FPPS2","GGPPS1mt","GGPPS2","GGPPS3","GGPPS4","GGPPS5","GGPPS6","GGPPS8","GGPPS9","GGPPS10","GGPPS11","GGPPS12","GPPS","HDR","HDS","HMGR1","HMGR2","HMGS","IPPI1","IPPI2","MCT","MECPS","MK","MPDC1","MPDC2","PPDS1","PPDS2mt","UPPS1"
"c1",729.4,2226.4,1254.6,104.1,6201.6,8.4,22.8,13517.1,645.2,4714,652.2,3855.7,84.1,66.3,40.8,38.1,72.7,69.1,91.8,2.3,99.5,2061.4,974,1481.1,13244.1,8955,15165.5,515.9,1808.1,4664.4,769.7,1094,2866.6,948.9,1520.1,361.9,4586.3,3350.2,374.7
"c2",1088,2150.8,1188.3,130.2,6820.4,5.8,77.8,13601.1,561,4361.5,443.9,3082,19.7,75.4,30.7,9,55.5,167.7,6.2,36.4,58.5,1626.2,1572.5,1560.4,15591.5,8443.4,16589.3,512,1346,4263,535.1,933.2,3201.8,828.3,1107.2,302.5,4898.3,5103.3,414.5
"c3",273.6,4128.1,843,74.4,5.7,8,9.9,2329.6,1580.8,1417.2,2940.6,3575.4,109.5,50,2.1,32.3,24.9,146.2,11.4,3.7,4.7,513.4,318.9,2348.1,1350.8,1720.6,4512.4,1892,3898.8,3159.6,2998.4,1306.6,1597.4,1353.2,2115.8,1572.3,300.2,373.4,1208.3
"c4",506.7,1405.7,1419.6,24.2,6595,60.8,35.5,19719,599.4,5830.2,630.5,1646.7,17.4,47.4,4.1,4.8,35.3,8.1,7.3,23.3,41.6,3266.5,1504.3,1914.8,13088.6,8564,13684.9,335.1,1597.9,3378.2,519.3,1419.9,4677.2,313,862.6,220.1,4849.9,2798.9,263.8
"c5",644.9,1639.2,1188.8,111.9,12436.9,9.9,25.5,10315.6,649.2,4369.8,340.1,2494,22.1,19.5,50.5,9.1,5,91,43.3,4.9,178.2,2439.4,1534.7,2445.4,16540.5,10457.9,11390.6,439.1,1376.3,3997.6,378.2,1493.3,4082.2,627.9,1056.5,251,5485,5381.1,315.3
"c6",593.1,1287,2021.1,87.1,613.1,9.6,41.2,21029.2,853.1,9177.6,658.5,2025.7,113.5,35.4,36.5,31.7,68.5,2.5,9.1,6.6,31.9,2343.7,3467.3,926.7,14011.8,17580.2,9107.8,355.1,1608.6,3057.8,601.9,2423.3,6309,466.5,944.3,186.6,1274.2,997.6,328.6
"c7",353.7,2315.7,3232.7,77.2,9,10.1,20.5,19419.9,988.4,11127.4,1909.8,4337.2,71.2,120.1,38.2,17.2,15.9,164.1,11.9,9.3,8.6,2603.5,579.3,1178.3,8102.6,9172.5,7235,590.5,3407.1,2903,904.6,3460.7,4737.6,1854.4,1428.2,494.9,1036.2,610.2,232.5
"c8",615.3,1000.8,2589.6,144.3,318.7,70.6,94.2,29477.2,860.9,13497,987.1,3019.9,174.5,4.4,85.6,30,97.8,11.4,11.2,22.2,24.1,2364.8,2346.3,932.4,15074.1,15717.8,10504.6,468.1,1562.4,2348.5,451,4279.1,7964.3,651.9,1252.8,341.3,1919.5,1058.5,298.2
"c9",462.5,791.6,1749.5,39.3,2089.7,9.4,32.5,22280.9,663.3,6223.2,376.8,899.4,30.6,16,7.1,16.9,4,80.4,14.3,41.3,26.1,1603.7,1895.9,1426.1,15389.8,16353.2,10733,367.1,893.2,1941.8,255.2,1648.3,6623.8,524.8,904.9,73.1,3089.7,2742.6,354
"c10",586.2,1074.5,1648.6,38.2,721.6,62.1,98.6,12748.5,552.5,5443.6,243.7,1291.7,113.6,16.9,9.4,10,5.1,11,5,5.6,14.2,2188.2,5088.5,998.5,6130,13595.7,5599.2,323.1,867.5,2411.3,519,758.3,4922.8,383.8,658.9,58.6,834.2,943.6,421.3
"c11",803.9,1072.3,1608.3,118.3,1003.5,10.9,157.4,22331.9,683.6,8344.1,357.5,1617.4,186.9,75.5,28.3,78.8,70.9,8.8,10.4,11.3,14,1799.9,3766.5,1008.8,14583.2,19782,10832.9,355.8,1280.5,2846.6,436,2100.7,6999.6,313,1158.4,145.6,1729.6,1233.9,382.8
"c12",424.7,763.8,2109.5,133.8,432.9,15,105.7,26868.7,671.9,11005.8,629.9,2282,27.9,49.1,6.1,120.9,13.7,8.5,13.8,4.9,24,2356.9,2090.8,1026.9,15580.9,14908.3,12172.9,331.4,1646.4,2564.1,406.6,3391.3,8288.3,603.4,1645,473.7,1794.4,1103.8,266.9
"c13",471.6,276.4,1016.8,67.8,2807.5,47.4,180.4,9582.6,523.3,2128.2,205,649.1,29,13.6,67.7,7.4,16.4,102.5,20.7,2,35.7,1223.1,648.6,1921.2,9072.2,7576.6,6567.5,261.4,615.7,1483,211.4,742,3527.7,290.9,429.1,70,2252,2789.7,520.8
"c14",172,2039.7,2850.6,49.7,16.2,11.1,30.5,20892.7,902.6,9540.3,1259.5,4847,108.3,8.1,2,9,8.5,51.8,3.1,6.2,17.1,3900.5,804.4,1102.8,8639,9758.2,7428.9,594,3174.5,2522.9,959,2992.7,5657.9,1373.7,1346.7,478.7,1006.9,657.1,278
"c15",636.4,2559.9,1344.6,241.4,1106.1,55.9,76.7,15583.2,585.3,6434.2,975.8,3695.6,18.1,8,23.3,129.9,60.2,162.9,11.7,11.1,30.9,1907.8,1327.6,1289.5,13668.4,7562,12263.8,500.3,3492.8,5477,827.5,1487.6,3730.4,1186.1,1797.2,568.1,2265.3,672,454.7
"c16",712.7,2721.4,1164.8,297.2,768.5,76.3,32.6,13636.7,520.8,5508.7,930.2,3604.6,131,11.2,27.7,12.6,12.1,176.8,56.9,9.6,66.9,1778.9,1289.9,1295.1,10530.2,7709.2,13910.1,694.5,3834.9,4496.3,728.2,1380.4,3445.9,1090.8,2222.1,568.1,2043.5,729.5,449.8
"c17",766.6,2756.2,986.5,375.5,1445.8,13.7,102.8,18246.1,645.7,6142.8,1034.8,3852.1,18.3,5.5,59.4,13.7,83.9,150,55.2,5.6,131.3,1718.9,1133.9,1276.5,10575.8,6708.1,14532.1,599.6,3809.4,5273.5,834.6,1515.2,3575.3,1270.9,1974.8,415.3,1677.7,467.5,576
"c18",699.2,2881.7,1132,231.9,1164,110,75.1,18038.8,722,6059.9,875,3923.4,30.5,11.2,10,43.1,11.1,173.1,49.6,12.3,31.6,1900.1,1293.1,953.2,9612.7,7331.4,20641.8,524.6,3007.3,4307.9,547.8,1430.4,3299.8,1135.1,1847.3,397.4,1790.6,407.3,496.7
"c19",743.6,2621.2,1212.2,285.7,352.1,18.8,38.5,14692,619.6,5262.5,799,3482.2,11.7,87.7,17.2,18.1,89.8,176.2,90.7,22.3,16.9,1402,1549,1024,11839.9,6930.8,16662.2,489.6,3109.6,4537.3,926,1083.4,4085,1119.5,1816.5,496.4,1311,415,443.7
"c20",919.7,2694.5,1125.7,242.7,333.5,70.6,77.7,14086.2,635.8,5281.6,868,4614.4,121.2,73.9,6.3,71.2,23.6,88.1,131.7,5.5,8.8,1643.8,1332.4,1007.1,11308.4,7541.1,13969.9,511.9,3333.2,4696.7,898.8,1416.7,3567.9,1282.3,2050,508.2,1389.4,410.9,419
"c21",687.8,2239.5,1243.7,248.8,433.4,7.1,12.5,14432.3,693.9,4977,959.8,3215.5,166.8,11.9,35,10.5,4,66,22.9,1.7,64.4,2169.2,1587.6,1038.7,9659.8,6190,11281.9,622.3,2414.5,3732.1,1156.9,1715.7,3230.8,1395.1,1395.7,549.9,1015.4,445,486
"c22",673.9,2393.8,1178.4,273,351,39.5,14.7,13444.4,737.7,4199.2,797.9,2631.1,78.3,8.2,1.8,12.1,51.2,71.7,21.2,7.2,21.8,2142.9,1559.9,1142.5,7774,5186.6,11027.1,514.2,2186.5,3381.1,1012,1417.9,3099.2,1027.6,1255.6,459.4,806.9,432.7,627.3
"c23",898,951.6,1803.6,41,1102.8,63.8,31.6,25979.5,915.7,8163.8,490.3,1939.3,134.3,14.5,35.4,26.1,9.1,11,13.5,4.4,7,1547.4,2643.3,809.6,18951.3,13934.1,12323.1,334.4,1442,3130.9,436.1,2379.3,5776.5,328.6,999.4,156.6,2089.1,1646.8,467.3
"c24",883.4,1284,1035.9,55.4,321.7,7.6,8.9,16719.8,607.4,3955.1,547.3,1475.5,174.2,12.2,2.3,86.1,23.4,45.6,4.9,17.1,48.8,1388.2,2376.8,666.9,7755.9,7692.1,19734.9,367.5,1143,2541.5,382.5,1481.5,3121,374.6,1323.3,203.5,356.4,558.4,498.4
"c25",467.6,1062.6,1230.9,63.8,1723.4,35.7,21.1,11412,552.4,3279.4,449,1224.5,191.7,86.9,2.4,104.6,11.1,45.7,4.2,34.8,64.3,1179.3,1615.7,1154.3,6467,9545.4,14296.1,446.4,907.6,2167.1,195,1126.8,2935.4,382.9,779.7,69.6,462,618.3,389.2
"c26",540.8,1143.3,1150.5,22.6,411.3,12,74,14071,504.3,4143.7,286.1,1225.1,119,28.7,5.6,41.3,7,10.9,5.3,7.5,8.4,982.2,2010,812.7,8568.2,10613,16883.1,409.4,1059.6,1929.7,328,1031.5,3867.1,348.4,1056.7,64.8,675.5,710.1,450.8
"c27",556.9,1160.4,975,74.1,441.1,33.7,3335.8,6504.5,639,2280.3,341.9,1588.8,97.1,27.9,18.8,45.1,39.7,12.7,12,6.3,64.8,1842.1,5327.8,1896.4,4369.6,12631.7,11874.9,501.6,1377.4,3727.5,710.5,489.7,3651.5,360.2,752.5,148.6,518.9,727.2,529.1
"c28",503.2,1650.5,1072.7,132.4,282.5,13.8,1330.8,5369.9,324.5,2335.5,699.9,1797.4,12.7,70,3.4,75.5,75.2,6.2,16,12.7,21.7,1009.7,4296.1,2338.1,4231.4,8081.4,8064.2,372.5,1398.1,4941.5,1085.4,574.5,4230.8,624.1,1423.9,228.9,524.3,627.6,446.3
"c29",271.4,1301.6,1257.7,91.5,615.6,14.3,341.6,4194.9,571.6,2346.8,962.8,1870.6,141.8,10.2,9.2,40,77.9,73.3,3.3,1.7,23.9,2045.6,856.3,1964.1,2226.4,8148.5,4642,302,1636.7,2562.2,427.6,1120.7,3673.5,707.9,1250.6,302.8,736.9,612.5,488.6
"c30",337.2,1338.6,1255.2,74,1179.5,28.8,729.2,5542.3,518.2,2319.5,733.7,1792.1,46.5,6.9,19.3,16.4,70.2,6.7,10,7,9.4,1283.5,1148.6,2231.9,3465.6,8816.3,6762,339.6,1346,3339.1,643.4,1409.5,4251.7,614.2,1161.4,291.7,764.5,555.5,375.8
"c31",2778.1,3350.3,649.1,104.1,11.6,14.9,112.6,7017.1,449,1813.5,615.7,4981.5,219.6,149.5,15.9,19.3,7.6,151,66.9,45.1,17.9,955.5,1211.5,673.8,5056.5,2553.3,20543.8,868.5,2458.5,4532.3,477.7,672.7,992,1706,1949.8,503.2,287.6,245.3,728.7
"c32",745.9,2150.9,1600.8,42.6,408.2,10.3,144.6,12827.2,770.2,5509.7,940.8,3059.8,147.1,56.1,82.2,6,83.5,105.1,14.8,26.2,152.1,2217.6,1649.5,1431.6,7443.4,11105.8,4981.5,542.5,1716.3,5007.1,986.1,1951.4,6097.2,1370.5,1706.5,387.8,1164.7,919.4,361.1
"c33",2658.4,3106.1,579.8,105.8,3.4,111.3,90.1,8492.8,487.8,1670.2,626.8,4172.6,182.8,96.6,20.8,89.8,22.4,80.1,10.5,57.9,35.8,1115.6,1207.5,798.8,6151.8,2793.2,18322.3,849.7,2014.6,4641.1,459.5,603.6,1142.7,1566.4,2391.1,355.6,351.4,307.1,698.4
"c34",2689.7,3052.4,756.3,282.6,46.9,22.2,75.5,9335.3,474.6,2036.7,652.5,4185,167.3,19.3,33.4,129.6,47.9,31.9,47.1,2.6,15.4,1218.7,1186.6,661.9,6662.5,2521.5,17183.7,794.5,2360.9,5176.8,445.5,445.8,1209.9,1672.9,2084.6,427.7,352.1,220.3,644.3
"c35",884.3,1928.5,1909,177,381.9,8.8,16.9,13220.2,722,5562,620.8,3375.7,186.4,8.3,67.8,92.9,5.5,116,21.4,53,9.8,1538.7,1577.1,1233.9,7520.6,10063.8,5772.5,509.3,1810.3,5049.7,528.2,2592.5,5879.8,1334.1,1463.3,314.8,1040.4,826.7,388.9
"c36",2123.5,2566.5,977.9,134.1,22.5,7,220,9403.4,508.7,1733.7,661.2,3984.2,234.1,142.7,48.2,10.8,4.6,7.4,25.3,8,37.8,1031.1,1037.9,559.7,6600.4,2527.8,12530.6,1061.6,1308.3,5758.1,747,559.2,1472.2,1454.8,1824,472.4,372.6,258.1,573.4
"c37",2393.3,3294.1,730.9,266.7,69.5,8.3,91.4,9377.8,637.8,1996.8,673.6,4134,27.8,129.2,37.6,12,15.8,13.6,24.9,23,185.6,988.3,987.4,558.8,5302.1,2524.5,19922.3,1024,2488.2,4748.3,489.2,293.1,908.9,1665.2,2091.3,354.6,227.5,254,542.7
"c38",700.5,2332.6,2008,134,564.1,56,20.8,12930,684.7,5566.9,774.7,3416.8,97.9,13.1,1.8,7.6,10.9,98.5,10.9,2.1,76,2521.1,1621.7,1329.2,5764.7,10118.3,5647.3,725.5,1903.7,5022,956.7,1946.3,5223.5,1465.4,1499.3,423.5,994.9,418,285.4
"c39",1546.6,2700.7,648.3,60.9,1789,6.9,26.5,12630.8,633.7,1824.5,419.8,4294.2,133.6,81.4,53.4,5.7,31.2,91.7,23.9,71.5,84,1645.1,1235.3,1600.7,6243.7,3255.2,16351.6,897.2,1560.7,4284.1,298.8,359.4,1473,1252.4,1947.8,205.7,2585.2,1606.7,569.9
"c40",2752.2,3420.8,641,359.2,5.3,40.8,34,3969.3,507.2,1473.9,710,4397.1,173,86.4,77.6,7.5,21.7,145.7,135.7,23.8,110.6,749.7,820.3,819.2,4769.1,1962.9,17888.6,964.9,3007.3,4968.6,618.4,315.6,1337.9,1979.3,2503.2,458.8,442.9,150.7,772.4
"c41",829.5,1934.4,2280.9,165.6,336.5,110.6,20.2,9208,644.4,5070.2,804.8,3468.3,112,105.6,175.9,10.2,65.3,199.5,5.6,60.6,145.1,2019.7,1590,1216.9,3484.8,9315.2,4141.4,615.5,1683.8,4091.7,680.7,2343.2,4633.6,1757,1194.6,296.8,826.6,622.5,406.6
"c42",1664,1772.4,1146,166.7,703.1,11.9,64.8,12460.8,549.8,3601.8,379.8,3112.7,34.5,15.5,7.8,106.5,20.5,201.8,25.9,16.5,128.5,1744.5,1589,1681.7,5511.6,4762.8,11343.6,635.7,1207,3981.9,335.4,773.5,2185.6,1199.3,1760.6,247.8,1220,1043.5,563.2
"c43",2961.2,2092.1,659.8,60.7,8,38.3,13.8,8161.2,511.6,1223.7,515.4,2414.7,145.1,14.6,62.4,28.6,10.9,119.6,87.7,5.9,168.7,900.5,972.5,766.9,8564.4,1558.4,20305.5,684,1021.8,3871.7,501.5,297.3,1047.1,1326.6,1514.4,329.8,295.2,305.9,1003.9
"c44",888.6,2192.3,1523.1,16.8,895.5,62.1,168.8,17453.4,659.1,4107.2,683.5,2820.1,55.8,66.6,64.2,93.6,90.2,214.9,17.1,36.5,34.7,1656,2307.1,1363.5,11877.1,10396.6,9837.7,477.5,1301.3,4094.9,578.7,1542.6,5233.6,1014.3,1526.1,87.3,1439.2,1130.2,549.1
"c45",979.2,1539,1635.2,206.7,639.4,13.9,77.9,18306.1,687.2,5575.9,675.1,2526.9,86.5,39.1,96.7,19.9,23.1,136.3,8.1,19.9,57.8,1985.9,1475.8,1029.7,12310.3,9620.5,9714,463.9,1352.5,3362.5,450.6,1773.8,5790.8,809.9,1200.2,223.7,1666.5,965,489.1
"c46",1375.1,2802.4,1329.3,98.8,54.7,21.6,110.8,324.9,607.5,2429.1,629.3,1817.4,114.8,99.6,52.9,20.6,7.1,88.5,12,102.6,131.6,1617.3,1216.7,1328,6417.9,5943.9,9764,602.3,836.6,3332.9,681.3,544.6,3379.5,1528,1323.6,292.3,812.2,676.2,510.6
"c47",1339.4,2538.2,1288.9,129.7,353.4,32.4,27.7,257.9,736.4,2328.8,514.8,1727.7,23.9,7.6,3.4,60.2,30.3,88.4,62.4,96.2,169.1,1338.1,1244.6,1384.9,7377.9,5897.7,10484.5,705.9,1046.6,3252.3,476,479.2,3404.5,1315.1,1387.1,217,902.9,1120.3,562.9
"c48",1116.6,3898.5,1354,59,238.3,14.7,21.7,278.3,833.9,2753.8,892.1,2582.4,88.8,93.1,59.9,11.9,61.5,133.7,23.7,8.4,14.6,1551.8,1232.3,1692.3,4827,7329.6,6603.7,618.6,1395,4201,805.9,745.8,3525.8,1689.5,1770.8,503.9,1015.4,696.1,430.1
"c49",705.8,2054,1399.9,117.2,337.7,9.3,236.8,10138.9,573.2,3611.7,790,1842.3,168.9,9.2,45.1,15.3,38.5,107.3,77.3,9.9,37.7,1798.8,1685.9,1268.7,8626.8,7819,9056.8,690.4,1308.8,3366.3,637.3,893.1,3949,1151.9,1398.9,226.3,1047.6,767.3,370.8
"c50",894.5,2340.2,1712.7,174,387.5,23.2,143.2,9540.9,669.8,3307.6,681.1,2055.6,12.3,14.6,17.2,22.3,9.7,157.4,12.7,54,19,1672.2,1635.5,1173.5,8176.9,7637.2,8512.8,671.3,1300.7,3632.2,674.7,920.9,3613.2,986.3,880,350.5,1001.9,725.4,385.4
"c51",756.9,2193.4,1604.9,134.9,460.1,21.2,64.5,11121,730.9,3960.3,596.1,2426.8,74.7,36.2,8.9,25,55.8,92.6,23.5,52.3,16,1699.7,1460.4,1425.2,7700.7,8449.9,8286.9,651.5,1668.5,3551.6,651,1185.9,3965.2,1004.2,1344.7,339.2,1182.2,1058.2,306.2
"c52",805.4,1906.6,1684.8,458.7,124.1,331.6,195.6,5728.9,1117.9,923.7,433.3,996.5,166.2,204.4,390.4,269.2,133.7,203.9,207.8,120.4,817.2,1252.3,759.1,561.1,2879.9,3619.5,6541.8,594.3,962.8,1933.8,544.9,795,2317.2,760.3,1446.6,439.8,459.9,492.5,693.3
"c53",822.4,2770.9,1284.9,86.4,81.4,6.5,26.7,6113.8,608.6,1769.6,1041.5,2134.1,134.9,9.7,72.3,29.8,16,113,14.4,22.7,69.9,1064,1200.7,1329.2,5438.4,4466.6,10060.5,623,1364.4,3300.1,877.6,1025.7,2746.4,1044.8,1805.9,369.7,437.6,415,602.7
"c54",939.7,2777.6,1406.3,149.2,99.2,31.2,15.8,8610.3,682.1,3095.1,984.1,2670.4,26.5,5.5,57.9,15.5,27.2,167.4,5.4,5.8,53.1,1555.7,1373,1678.7,5835,5736.2,8269.7,630.4,1432.9,4284,944.5,1042.5,3102.1,1124.6,1776.5,334.3,548.2,537.6,370.7
"c55",1930.5,2679.6,664.6,164.9,1377.7,86.2,65.7,14323.4,578.9,2321,444,3431.8,110.3,109.8,4.8,18.5,4.6,43.6,15.1,29,102,1076.3,1230.5,2294.9,6369.5,3147.2,16260.7,600.4,1380.5,3915.3,502.3,249,1523.1,1192.9,2022.1,270.9,2082.7,1975.5,526.1
"c56",1010.8,1916.2,1408.6,117.1,967,11.8,40.8,16367.4,663.7,4748.6,599.9,3124.6,87,23.1,22.7,15.7,63.6,88.4,11,11.7,14,1872,2540.5,1287.7,11908.6,10929.8,9730.8,672,1477.2,4289.7,627.4,1671.6,5076.5,929.4,1478.9,240.7,1383.6,1039,492.4
"c57",944.1,2152.6,967.8,84.8,268.7,7.9,81.6,11682.6,631.2,3486.2,600,3763.8,12.7,7,56.1,17.3,64.1,37.8,46.9,8.2,102.4,1268.6,1747.2,770.7,5853.4,6511.1,15781.1,438.2,2348.6,4059.3,746.9,1663.5,3624.4,958.9,1918.4,307.6,535.9,316.8,396.4
"c58",902,2150.6,1435.5,252.3,107.3,33,110.4,16954.4,555.1,5734.9,794.9,1682.6,15.2,24.1,54.1,24.9,68.8,14.6,5.9,9.1,58.6,1362.2,651.3,941.6,3834.3,9171.8,12820.2,553.5,2347.2,2830.6,551.7,800.3,4747.2,765.3,1315.2,260.6,421.5,421.4,473.5
"c59",696.1,2258.3,1302.8,156.8,105.7,68.4,92,10446,560.3,4158.2,1003.2,3961.4,119.3,76,50.5,36.7,82.8,19.9,75.5,49.8,146.2,1185.7,1233.2,1018.7,2853.2,6937.2,11200.5,523.5,2285.3,3774.3,715.3,1062.3,3168.6,1241.1,1596.9,332.2,366.8,185.6,438.5
"c60",629.8,1843.6,1355.8,153.7,307,10.6,100.4,12709.3,594.7,3819.8,681.7,3288.1,27.5,12.5,51.3,15.9,14,39.9,64.2,3.4,107,1128.8,1267.5,840.5,4721.2,7112,16244.2,302.7,1822.6,4554.9,666.8,1266,3831.7,1032.4,1427.8,282,386.1,217,466.1
"c61",664.4,2958.6,1256.9,105.1,114.2,81,103.2,12734.8,536.2,4409.8,657.7,3217.4,67.5,72.7,61.6,25.7,6.4,21.6,55.7,6.5,18.1,1759.9,2337.3,853.7,3105,8965.5,12620.3,434.1,1479.2,3521.4,396.9,706.5,4046.3,1076.7,1370.6,341.8,370.6,212.7,414.4
"c62",679.7,1934.6,1788.3,116.5,258.9,6.9,225.3,14393.9,709,5851,622.3,1235.3,11,44.3,6.4,128.6,4.2,13.4,54.1,42.8,19.1,1717.8,1287.2,849.2,4207.1,11593.9,11760.4,760.3,2017,3003.7,717.2,1468.5,5514.8,765.6,889,222.5,416.6,356.1,420.1
"c63",831.2,2340.8,1110.3,40.7,436.3,9.2,16.7,15165,564.6,4575.4,796.4,3724,24.5,53.4,13.4,18.5,26.3,24.9,34.1,2.7,37.8,1112.1,1018.3,999.6,5872.2,7731,15643.1,506.9,2427.2,3589.4,940,1411.9,4666,957.3,1304.5,219.2,472.2,395.3,456.3
"c64",854.1,2548.2,1062.8,69.6,144.8,5.7,109.7,10002.4,738.7,4108.7,736.9,1736.7,38,44.9,2.2,110,10.2,63.5,48.1,82.6,9.4,1427.1,1831.3,1344,3835.8,8654.8,12338.8,470.2,2111,3418.8,666.2,931,2987.5,1231.1,1525.4,128.6,389.9,318.1,375.5
"c65",865,1926.5,1449.5,264.7,327.7,14.1,75.9,13405.4,740.4,6289.1,836.5,1404.2,16.9,24.2,93.9,33.2,64.3,61.4,16.5,25,19.3,1267,1982.8,1135.6,2957.7,9553.4,13020.8,570.7,2602.7,3164.8,501.6,749.1,6396.9,1077.6,1341.7,347.3,464.2,344.8,385
"c66",347.4,1168.3,1246.8,76.4,306.7,8.8,81.2,2945,279.2,2736.8,631.7,1235.4,31,108.6,69.8,87.1,8.2,8,27.9,8.9,23.4,1970.1,4713.4,1036.5,1591.9,3952.8,9172.2,324.5,396.5,2768.2,895.6,1255.3,5298.3,605.9,964.8,100.2,362.4,385.6,661.4
"c67",450.2,1278,1596,62.7,677.9,10,112.9,5399,215.2,4564.3,654.2,1911.8,10.5,14.5,54.7,88.4,56.3,6.6,12.8,28.2,10.3,2285.4,4044.5,772.7,2260.8,2954.1,7445.2,202.9,1102.5,4449.6,1098.6,2750.5,10254.4,530.5,1119.5,96.6,1250.3,420.8,408.3
"c68",511.7,1181.8,1375.7,18.8,349.1,20.4,25.7,5658,321.1,3871.2,445.7,1333.1,90.6,17,23.5,136.4,16.4,4.5,12,11.1,17,2447.2,4211.3,763.7,1566.9,4037.4,9994.1,254,932.2,3495.8,582.1,1886.9,8780.8,480.2,896.3,44.3,592.3,383.2,429.1
"c69",383.2,1275.4,1357.3,118,602.4,23.7,29.7,14032.9,418.1,7032.6,556.3,1699,31.5,40.3,32.3,123.7,9.5,8.7,6.5,5.3,9.6,2181.1,2827.4,989,6907.8,7362.4,11706.2,394.6,2191.9,3155.6,519.1,1950.6,8440.7,446.9,1160.3,33.4,1482.8,540.4,412
"c70",747.9,1737.2,1117.6,95.7,1222,8.9,30.8,15213.3,697.2,4985.4,469,2500.4,14.7,33.6,1.9,19.9,49.2,146.7,4.2,10.6,14.2,2068,1541.3,1484,7353.9,9064.9,10823.9,484.7,1713.5,4775.1,427.7,750.1,3387.6,857.7,1409.3,310.8,2617,2053,471.6
"c71",780.4,1962.7,1076.8,98.1,1207.5,9.5,83.9,14988,736.9,4528.9,575.1,2707.6,55.5,13.7,72.5,107.6,34.1,71.1,6.7,5.4,8.8,2337.8,1350.7,1527.8,7256,8701.5,11557.6,456,1506.4,5277.1,583.2,890.9,3228.4,795.5,1215.3,370.6,2712.8,2041.3,422.4
"c72",643.9,1998.5,980,91.9,1456.2,6.9,55.9,14566.5,760.6,4750.7,434,2582.9,12,60.1,5.1,32.8,3,64,10.9,19,76.6,2054,1361.9,1619.3,8045.7,8079,11974.5,474.2,1303.7,4773.7,619.7,680.8,3207.4,794.9,1199.1,341.7,3376.4,2288.6,398.3
"c73",737.2,1736.3,958.7,19.9,1580.6,65.9,28.2,14049.2,627.3,4606.7,450.4,2287.1,102.1,95,41.7,6.7,36.3,88,15.3,1.7,20.1,2147.9,1580,1683.1,8605.7,7885,11675.7,361,927.1,4299.7,503.3,626,3404.1,798.9,1110.1,357.9,3091,2401.5,423.8
"c74",1028.1,1507.7,904.8,80,3471.8,7.8,38.3,21073.8,598.9,3068.6,323.3,1611.7,10.4,76.7,31.4,109.2,60.6,73,26.3,34.9,24,2049.6,1113.9,1444.4,15029,7001.1,22316.3,508.3,612.8,4175,488.2,591.2,2910.6,850.3,1080.6,216.3,3185.6,3918.1,609
"c75",1099.3,1459,894.8,174.1,3352.2,6.5,42.1,24445.4,629.8,2841.8,210.2,1870.2,53.4,24.1,16.6,111,11.9,124.7,10.8,3.7,79.8,1686.7,1141.9,1555.2,15619.8,7228.7,23614.5,562.1,1000.4,4069.8,264.2,528.6,2957.2,797.8,1539.2,198.9,3605.6,3788.8,611
"c76",1151.5,1589.6,877.8,160.7,2554.8,8.5,94.2,19364.3,590.2,3124.1,425.5,1912.7,99.1,7.8,2.7,36.5,99.9,111.8,10.6,6.1,15.6,1648.9,1217.7,1639.1,13724.5,6743.5,18483.2,398.4,955.1,4298.3,562,622.4,3108.9,900.2,1166.3,286.9,3231.1,3412.3,544.3
"c77",1100.7,1424,885.8,60,2576.6,11.2,81.7,21384.8,581.3,2780.2,272.9,1293,23.8,27.4,15.3,23.8,53.1,80.8,11.5,9.4,36.6,2076.1,1184.2,1519.3,14885.5,6522.4,21333.4,359.1,861.9,3968.1,470.9,480.4,3066.9,742.1,1123.9,212.5,3502.6,3532.8,529.8
"c78",1081.6,913,876,77.6,3877.5,12,8.6,20641.1,460.7,2209.1,75,997.3,34.2,94.7,97.8,21.9,62.9,23.2,9.8,59.8,15.3,1774.1,1164.4,1998.3,14938.4,5906,18224.4,502.3,511,3668.8,527.8,545,2861.6,409.6,961.4,93,3705.6,3826,563.5
"c79",1292.3,1076.6,869,89.7,4972.3,3.1,119,22309.9,600.5,2025.2,226.9,1028.4,84.6,45.9,28.8,38.5,79.9,47.4,10.1,2.2,81.9,1895.7,1161.6,1896.4,17720,5617.9,18065,408.2,547.7,3778.8,485.6,593.3,2890,491.8,1111.5,127.3,3953.9,4174.1,640
"c80",1333.4,1157.2,871.7,70.7,3460.2,5.8,78.7,23174.5,567.4,2328.1,76.7,1241.7,12,36.7,2.1,61.7,6.1,73.4,10.6,32.4,24.4,1594.2,1124.4,1762.1,18097,6310,22364.3,472.6,539,3495.2,402.7,435,2947.6,601.7,999.4,207.1,3872.2,3793.1,560.4
"c81",1141.2,1281.4,914.8,43.6,3489.6,33.7,80.8,22592.3,580.3,2251.7,171.8,1287.6,64.4,11,48.9,13.9,87.6,14.8,11.6,10.1,16,1761.5,1154.7,1827.4,17520.3,6906.3,21246.6,513,617.9,3317.4,338.7,394.2,2800.6,599.4,1016.1,171.2,3782.9,3775.1,597
"c82",750.1,1374.9,1307.6,253.2,2205.3,17.8,202.4,19447.4,807,4138.8,236.3,1893.2,105.9,32.6,14.7,12.9,10.9,56.6,26.8,8.9,42.2,1275.6,886.9,1603.9,17959.7,10411.3,14832.2,326.8,1007.3,4764,328.1,600.7,4364.6,1004.2,1202.6,36.9,4316.3,2095.2,365.1
"c83",869,1626.6,871.8,241.3,2963.6,21.8,148.8,17462.4,631.9,4024.1,301.4,1911.4,99.6,7.2,22,15.4,46.2,15.6,26.2,2.6,47.1,1601.7,891.4,1708,19119.1,10045.4,16006.4,428,1204.1,5235.5,555.6,514.7,3735.1,745.3,1149,140.9,4221.2,1960.2,491.9
"c84",2018,4059.9,1029,44.7,2172.4,12.2,117.3,18159.5,480.4,2161.6,234.3,1742,175.4,64,3.1,20.4,36,59.6,37.9,59.6,25.3,1445.5,900.2,1844.9,22487.2,8579.7,24523.9,553.7,892.3,5070,374.5,718.7,3100.7,729.5,1189.9,150,2626.6,2890.3,814.8
"c85",1549.6,2354,764.1,78.7,4524.1,80.9,19.8,18294.6,448.1,1529.2,206.9,995.9,23.9,60.3,76.4,53.2,115.4,9.4,10.3,76,34.6,1679.1,768.9,2143.1,18862.9,5549.8,21056.9,445.5,1119.2,3722.6,448,601.2,3156.4,445.5,862.6,19.6,2785.4,2326.2,735.8
"c86",1106.1,1557.5,1350.1,86.6,5231,117.9,16.9,16300.6,488.5,2867,387.3,1236.8,99.5,43,2.8,62.8,14.6,14.3,23.9,20.1,25.5,1978.2,760.1,1914.4,20622,7868,18407.5,429.3,936.6,4114.4,353.9,666.8,3798,620.7,842.1,135.7,4179,3750.9,462.6
"c87",1251.6,1631.9,898.2,137.4,3742.9,4.1,12.2,13779.9,491.3,1372.4,55.1,714,164.4,95.7,39.8,38.4,48.8,12.2,6.5,5.8,56.9,1346.7,663.2,2111.6,19198.2,4444.6,18133.6,445.8,1133.3,2901.4,299,466.7,2633.1,522.6,907.6,30.3,3067.5,2644.2,598.3
"c88",1748.3,1912.8,905.9,108.8,3912.8,16.4,24.2,27322.5,548.7,2717.1,183.6,1788,39,53.3,25.2,17.9,113.3,95.7,14.5,11.7,54.9,1875.5,983.1,1461.8,17307.4,7139.4,21782,607.5,882.5,4015.5,398.7,506.2,2403.9,794.5,1351.5,152.1,3215.3,2603.6,644.4
"c89",787.8,1583.6,896.4,92.4,2864.6,11.3,80.3,23539.1,674.7,4186.7,470.2,2413,117.7,47.3,7.7,12.1,34,103.5,5.1,34.4,22.7,1810.3,1301.2,1678.9,19265.5,10871.2,14241.6,459.3,1296.2,5526.6,490.6,601.5,3818.1,785.2,1257.3,351.9,4390.9,3143,442.6
"c90",1289,1785.6,968.9,74.6,4995.9,32.1,29.9,24518.1,512.5,2558.4,263.1,1656.5,196.9,10.2,77.2,8.8,87.5,100.7,4.3,8,75.3,1475.4,910.9,1525.3,18081.2,6224.7,18479.4,525.5,800.3,4215.7,298.9,545.6,3089.1,989.5,1348.1,21.2,3141.3,2487.8,579.2
"c91",1358,983.3,952.7,93.8,4535.5,6,114,19522,431.6,1868,265.7,1216.9,116.1,99.7,67.4,17.3,13.5,48.7,6.7,53.4,24.9,1531.1,1007.7,1888.6,18013.8,4618.9,14307.5,445.9,891.3,3271.6,502.2,452.6,2040.5,614.1,941.9,44.5,3418.9,2891.1,765.1
"c92",1137.7,974.6,998,133.9,4932.2,52.2,89.6,23965.1,379.6,2381.6,143.8,1276.5,235.4,181.8,51.4,12.5,75.4,8.3,8.1,4.5,17.9,1887.4,980.8,1794.4,20244.8,5856.3,14303.3,497.8,682.5,3273.4,436.5,671.8,2999.1,475.6,917,86.5,3865.1,3739.6,602
"c93",662.9,1064.6,1639,51.7,295,7.5,56.4,19258.5,564,6486.6,584.2,1659.4,34.2,54.2,24.1,11.8,54.2,46.2,3.4,13.7,20.9,2165.3,3024.3,1051.7,8411.5,13556.5,6044.8,296.5,1129.8,2447.9,451.8,2039.2,5107.5,400.7,890.1,207.8,876.8,840.1,350.5
"c94",648.5,1656.1,1076.1,175.5,1027.3,17.1,115.9,13489.7,677.1,6004.9,799.7,2609,113,60.5,15.7,93.7,44.1,54.7,22.4,11,7,2475.2,1830.5,1519.9,8373.3,9219.5,6379.7,708.3,1755.5,3939.3,587.1,1267.2,4099.1,798.9,1461.4,620.5,2104,780.5,319.9
"c95",691.2,2353.3,1351.6,97,546,16.3,37.1,15476.3,719.9,7265,1111.9,2995.4,17.3,95.7,57.9,12.5,4.5,174.8,20.9,56.2,17.9,2758,1763.2,1466.5,8776.2,10488.6,8755.1,668.4,2418.3,4349.4,688.2,1327.5,5073.7,1113.9,1704.8,754.2,1979.6,610.3,260.8
"c96",653.5,1990.3,1355.9,76.9,7226.1,7.5,77.8,13102.9,587.4,5164.9,738.3,2171.7,61,3.3,1.6,19.7,24.7,61.4,3.9,8.6,6.2,2135.3,2400.5,1718.9,14894.7,10179,7471.5,306,1020.2,2668.5,397.1,1682.1,4432.6,666.7,1217.7,388.7,3488,2503.7,258.1
"c97",1058,2573.3,1219.4,101.9,2707,56.5,30.4,18224.2,636.7,5667,633.6,3312.5,135.8,35.3,23.1,67.5,6.8,137.9,25.9,22.2,26.3,1917.3,1773.3,1200.8,14095.9,8085.9,16945.5,612,1646.6,4453.1,635.8,1497.5,4186.5,1161.3,1399.5,416.4,2525.6,1426.2,380.4
"c98",584,2655.4,1368.5,96.8,2380.1,132.8,16.8,9060,532.2,6157,834.1,2821,82.5,16.3,69.9,59.5,42.3,182.9,19.6,5,10.5,2020.3,2223.5,1745.8,12068.7,8397,8796.1,490.5,1016.9,5046.6,1059.7,2089.4,4426.4,707.9,1370.3,589.4,2807.5,1539.7,466
"c99",781.1,1171.8,1860.6,48.9,1424.1,15.8,78.9,18149.4,781.3,7870.1,465,1508.1,29.7,14.7,13.7,75.4,4.7,11,7.5,25.1,8,2678,4114,1146.7,12863.2,14832.8,5642.7,310.2,1659.3,3001.5,539.1,1808.2,6994.1,277.1,1228.7,252.3,1685.7,1157.5,359.9
"c100",485.2,898.2,940.8,106.4,1045.2,6.7,69.1,16563,569.1,4810.2,366.5,892.2,12.8,3.9,58.2,12.5,103.4,8.5,14.1,7.4,39.2,1980,5209.5,1011.4,9810.8,14517.7,6395.6,356,924.7,2629.5,552.4,748.1,5460.6,302.4,812.1,124.4,1010.4,889,500.3
"c101",591,1185,1904.5,100.4,1537,8.3,86.6,17644.9,663.2,8976.2,328,1570.6,166,12.9,2.7,6.8,75.9,3.5,3.8,26.7,40,1786.7,3642.9,1066.2,12784.2,13550.6,4595,340.5,1902.1,3293.1,766.2,2311.4,6603.3,436.2,903.1,275.9,2017.8,1141.4,315
"c102",945,2328.7,1268.3,178.1,11932.5,69,66.6,15776.3,756.9,5391.6,719.2,3181.4,83.8,21,11.1,27.3,5.3,117.3,27.5,5.7,9.5,2245.6,1136,2109.8,18926.3,10353.6,15388,499.8,1549.2,4796.9,481.3,1352.9,4305.8,910.7,1626.8,327.9,6555.7,5991.4,320.6
"c103",507.2,2250.9,1298.3,143.4,676.6,17.7,149.9,12772.9,873.8,7757.4,872.2,4357.2,61.7,40.7,88.8,15.2,37.9,150.9,65.1,13.3,8.5,2390.6,1325,1703,9853.4,9254.4,6464.5,563.5,2346.7,3878.4,893.3,1346.2,4558.8,929.1,1893.7,698.7,2429,908,288.4
"c104",624.1,1607.3,1360.8,190.6,826.3,95,116,10899.2,628.3,4916.4,767.3,2428.1,160.1,20.4,5.7,95.5,9.1,102,4.2,10.1,19.3,2099.1,1391.9,2036.7,7654.2,7485.8,5521.2,555.9,2124.8,3721.6,832.7,1392.1,3943.2,960.4,1613.6,664.9,1985,620.3,325.3
"c105",825.7,1007.2,1189.2,16.2,11623,18,56.2,10682.1,666.5,4797.4,322.8,1102.5,51.5,85.7,27.5,6.7,48.9,36.7,5.7,15.5,30.7,2586.5,3908.7,1443.2,14972,13210.7,6331.4,295.6,396.1,2213.8,333.1,574,4439.3,240.4,737,229.4,4843,4447.8,386
"c106",1196.2,2673.7,1509,159.4,2944.2,11,72,18650.3,737.2,6575.3,808.8,3221.4,33.5,86.1,21.5,6.4,56,188.5,22.1,35.9,42.6,1914.4,1802.9,1357.4,15874.3,9215.1,13377.3,506.3,1810.4,4274.5,566.8,1742.8,4132.4,1322.8,1562.7,512,2685.3,1593.5,429.4
"c107",499.6,2248.6,1046.2,188.5,2355.1,105.6,24.4,8870.1,850.8,6609.5,580.7,2029,178.8,8.7,68.1,16.6,87.9,168.9,18.8,16.6,112.2,1627.7,1614.7,1603.9,11693.7,7871.1,8752.6,465.7,1005.1,3999.3,765.8,1724.7,4217.2,650.1,1568.4,783.3,3273.5,1886.6,465.8
"c108",750.2,1495.4,1457.8,47.5,648.4,8.3,66.6,14824.7,503.3,6251.8,722.1,1505.3,22.7,29.5,29.3,90,8.2,4.9,3.6,3.1,18.7,1824.1,3003.3,853.4,10046.8,10322.9,5747.9,339.5,1730.2,2506,745.4,1916.7,4874.9,424.6,852.9,238.7,1170.3,1136,398
"c109",384.8,742.9,1176.7,121.3,1948.3,11.8,18.8,11301.7,605.4,5753.9,180.3,673.5,7.1,23.6,18.6,77,9.6,11.4,5.1,13.2,13.9,2049.6,4720.2,1228.9,12527.9,13376.1,3532.8,368.1,1343.3,2751.4,588.8,588.4,6416.7,196.9,432.1,103.5,1625.3,1215.9,625.8
"c110",1123.6,2315,1218.2,137.5,9939,9.8,93.1,17485.7,653.4,4091.9,615.9,3102.7,142.8,39.1,10.9,7.9,25.1,143.1,7.6,4.9,20.9,2350.6,1447.9,1865.3,19032.2,8796.1,16109.6,562.7,1418.4,3692.4,522.7,1581.7,4014.3,1015.8,1411.6,332.4,5987.4,5081.5,275
"c111",740.5,1451.5,1655.4,67.9,6822.9,10,185,19808.3,658.2,6359.3,398.8,1970.8,35.2,18.4,6.5,11.7,84.3,10.5,60.3,30.2,69.2,2582.3,3389.6,1617.9,15073.1,15358.6,7531.7,399.6,708.3,2985.3,298.1,2168.2,6156.8,660.5,829.7,202.3,6523.2,3938.1,354.8
"c112",725.1,1379,1215.3,79.1,1523.9,3.4,35.4,18867.6,711.5,6881.6,591.3,1632.1,18.7,20.4,13.6,12.7,47.6,5,3,10.4,18.4,2006.2,3944.7,1076.9,14643.5,13554.7,7210.4,313.8,1872.8,2864,616.1,1801.4,5582.3,296.5,1099,340.2,1717.8,1128,312.1
"c113",616.9,671.6,1047.9,53.2,770,13.4,167.1,11260.5,582.2,4278.6,368.5,688.5,68,14.9,2.3,9,70.3,20,12.4,10,96.4,1842.1,4598,1249.2,9700.2,14952.9,5165.5,305.9,964.4,2579.2,366.6,842.6,5947.2,24.1,747,162.7,1159.7,1197.1,698.2
"c114",631.1,1577.8,1272.4,30.3,5131.8,36.8,8.9,10639.1,508.7,5527.4,789.9,2494.2,150.1,58.4,4.9,11.6,51.2,32.7,5.9,20.2,17.2,2073.8,2709.9,1590.8,11814.9,8021.9,5182.1,411.9,1268.1,2634.9,761.7,1780.7,4914.4,718.7,1064.9,604.3,2423.4,2195,211.8
"c115",310.4,1341.9,1823.1,120.6,1450.5,17.7,26.3,25596.9,786.3,8885.4,355.9,1772.8,15.6,7.2,6.1,17.4,48.4,3.9,15.1,6.8,22.3,1876.8,3689,896.1,15500.6,13287.9,5742.3,399.8,1846.1,3461.7,525.8,1959.6,7062,489.8,843.7,142,1287.7,913.2,393.6
"c116",677.2,1040.6,1228.8,7.6,656.3,7.1,96.2,15660,637.6,5096.7,508.4,1344.2,100.9,33.8,11.4,32.1,8.6,30.6,4.7,3.9,24.5,1878.4,3150.1,1005.7,8885.5,12616.2,6705.2,368,1388.6,2610.9,626.5,1468.2,5983.4,453.4,838.1,319.2,1140.9,1001.9,411.6
"c117",611,1015.6,1666.5,133.7,10262,14.2,12.5,13585.7,644.3,6646.6,382.4,1544.4,10.4,38.3,25.3,20.2,47.6,18.6,9.2,11.4,26,2603.5,3656.8,1815.9,13752.5,10811.1,5543.8,335.3,800.2,2951.7,557.8,1457.3,4988.1,406.2,768.7,259.3,4884.7,3689.9,261.2
"c118",407,811.7,1472.9,75.7,998.3,12.6,22.4,16149.7,642.6,5983.1,485.5,1304.9,93.1,26.2,10.4,74.9,10.9,10.9,4.8,15,139.8,2320.5,4523.2,886.8,12499.6,12762.3,5363.7,321,1595.6,2424.1,569.8,1255.1,6443.3,355.1,780.1,26.7,1166.9,1172.1,466.1
